ObjectID,GlobalID,CreationDate,Creator,EditDate,Editor,Name of Officer,Position,Organisation,Other - Organisation,Date of Event,Time of Event,Name of Person,Contact Information,Address,Community,Municipal Boundary,Incident Type,Other - Incident Type,Incident Summary,Household Occupants,If more than 6 persons - Household Occupants,Did any injuries occur?,Injuries,Type of Injuries,Did any deaths occur?,Deaths,Building Damage,Crops and Livestock,Personal Items,Furniture and Appliances,Action Taken,Relief Items,Other Agency,Shelter,Are there any special needs occupants?,Please indicate the number of special needs occupants,Estimate Cost of Damage,Identification Card Type,Other - Identification Card Type,Identification Card Number,Follow Up Recommendation,Other - Follow Up Recommendation,Assessment Date,Is the property insured?,Island,District,Ownership,Property Type,Structure Type,Other - Structure Type,Age of Structure (years),Type of Household,Number of Male Occupants,Number of Female Occupants,What are the age groups of occupants?,Are there any dependents in the household,Number of Dependents,Validated/NotValidated,Please list the names of the occupants and their relation,Employment Status,Employment Sector,Other - Employment Sector,Flood Type,Flood Trigger,Other - Flood Trigger,Flood Height,Other Agency_2,Community_2,Other - Community,Other Agency_3,Other - Other Agency,Name of Second Person,Second Contact Information,Second Identification Card Number,Second Employment Status,x,y
1001,FIELD-0001,2023-06-28T09:00:00,,2023-06-28T09:00:00,,Field Officer 1,DMU Field Officer,,,2023-06-28T00:00:00,,Occupant 1,8686662001,"1 2nd Trace Maingot Road, Tunapuna",Tunapuna,tunapuna_piarco_regional_corpor,landslide,,Field assessment at 2nd Trace Maingot Road.,,,False,,,False,,Water damage observed,,,,,,,,,,7800,,,ID000001,,,,,,,,,,,,,,,,,,Validated,,,,,,,,,,,,,,,,,,,
1002,FIELD-0002,2023-06-28T09:00:00,,2023-06-28T09:00:00,,Field Officer 2,DMU Field Officer,,,2023-06-29T00:00:00,,Occupant 2,8686662002,"2 Picton Road, Laventille",Laventille,san_juan_laventille_regional_co,fallen_tree,,Field assessment at Picton Road.,,,False,,,False,,Water damage observed,,,,,,,,,,15000,,,ID000002,,,,,,,,,,,,,,,,,,Validated,,,,,,,,,,,,,,,,,,,
1003,FIELD-0003,2023-06-28T09:00:00,,2023-06-28T09:00:00,,Field Officer 3,DMU Field Officer,,,2023-06-30T00:00:00,,Occupant 3,8686662003,"3 Toco Main Road, Vega de Oropouche",Vega de Oropouche,sangre_grande_regional_corporat,blown_off_roof,,Field assessment at Toco Main Road.,,,False,,,False,,Water damage observed,,,,,,,,,,1200,,,ID000003,,,,,,,,,,,,,,,,,,Validated,,,,,,,,,,,,,,,,,,,
1004,FIELD-0004,2023-06-28T09:00:00,,2023-06-28T09:00:00,,Field Officer 4,DMU Field Officer,,,2023-06-27T00:00:00,,Occupant 4,8686662004,"4 Clarke Road, Penal",Penal,penal_debe_regional_corporation,Flooding_,,Field assessment at Clarke Road.,,,False,,,False,,Water damage observed,,,,,,,,,,3400,,,ID000004,,,,,,,,,,,,,,,,,,Validated,,,,,,,,,,,,,,,,,,,
1005,FIELD-0005,2023-06-28T09:00:00,,2023-06-28T09:00:00,,Field Officer 5,DMU Field Officer,,,2023-06-28T00:00:00,,Occupant 5,8686662005,"5 High Street, Siparia",Siparia,siparia_regional_corporation,landslide,,Field assessment at High Street.,,,False,,,False,,Water damage observed,,,,,,,,,,7800,,,ID000005,,,,,,,,,,,,,,,,,,,,,,,,,,,,,,,,,,,,,
1006,FIELD-0006,2023-06-28T09:00:00,,2023-06-28T09:00:00,,Field Officer 6,DMU Field Officer,,,2023-06-29T00:00:00,,Occupant 6,8686662006,"6 Upper San Diego Park, Four Roads",Four Roads,diego_martin_regional_corporati,fallen_tree,,Field assessment at Upper San Diego Park.,,,False,,,False,,Water damage observed,,,,,,,,,,7800,,,ID000006,,,,,,,,,,,,,,,,,,Validated,,,,,,,,,,,,,,,,,,,
1007,FIELD-0007,2023-06-28T09:00:00,,2023-06-28T09:00:00,,Field Officer 7,DMU Field Officer,,,2023-06-30T00:00:00,,Occupant 7,8686662007,"7 Freeman Road, St Augustine",St Augustine,tunapuna_piarco_regional_corpor,blown_off_roof,,Field assessment at Freeman Road.,,,False,,,False,,Water damage observed,,,,,,,,,,7800,,,ID000007,,,,,,,,,,,,,,,,,,Validated,,,,,,,,,,,,,,,,,,,
1008,FIELD-0008,2023-06-28T09:00:00,,2023-06-28T09:00:00,,Field Officer 8,DMU Field Officer,,,2023-06-27T00:00:00,,Occupant 8,8686662008,"8 Ninth Street, Barataria",Barataria,san_juan_laventille_regional_co,Flooding_,,Field assessment at Ninth Street.,,,False,,,False,,Water damage observed,,,,,,,,,,3400,,,ID000008,,,,,,,,,,,,,,,,,,Validated,,,,,,,,,,,,,,,,,,,
1009,FIELD-0009,2023-06-28T09:00:00,,2023-06-28T09:00:00,,Field Officer 9,DMU Field Officer,,,2023-06-28T00:00:00,,Occupant 9,8686662009,"9 Cumuto Main Road, Cumuto",Cumuto,sangre_grande_regional_corporat,landslide,,Field assessment at Cumuto Main Road.,,,False,,,False,,Water damage observed,,,,,,,,,,3400,,,ID000009,,,,,,,,,,,,,,,,,,Validated,,,,,,,,,,,,,,,,,,,
1010,FIELD-0010,2023-06-28T09:00:00,,2023-06-28T09:00:00,,Field Officer 10,DMU Field Officer,,,2023-06-29T00:00:00,,Occupant 10,8686662010,"10 Papourie Road, Barrackpore",Barrackpore,penal_debe_regional_corporation,fallen_tree,,Field assessment at Papourie Road.,,,False,,,False,,Water damage observed,,,,,,,,,,3400,,,ID000010,,,,,,,,,,,,,,,,,,,,,,,,,,,,,,,,,,,,,
1011,FIELD-0011,2023-06-28T09:00:00,,2023-06-28T09:00:00,,Field Officer 11,DMU Field Officer,,,2023-06-30T00:00:00,,Occupant 11,8686662011,"11 High Street, Siparia",Siparia,siparia_regional_corporation,blown_off_roof,,Field assessment at High Street.,,,False,,,False,,Water damage observed,,,,,,,,,,7800,,,ID000011,,,,,,,,,,,,,,,,,,Validated,,,,,,,,,,,,,,,,,,,
1012,FIELD-0012,2023-06-28T09:00:00,,2023-06-28T09:00:00,,Field Officer 12,DMU Field Officer,,,2023-06-27T00:00:00,,Occupant 12,8686662012,"12 Opal Gardens, Diamond Vale",Diamond Vale,diego_martin_regional_corporati,Flooding_,,Field assessment at Opal Gardens.,,,False,,,False,,Water damage observed,,,,,,,,,,3400,,,ID000012,,,,,,,,,,,,,,,,,,Validated,,,,,,,,,,,,,,,,,,,
1013,FIELD-0013,2023-06-28T09:00:00,,2023-06-28T09:00:00,,Field Officer 13,DMU Field Officer,,,2023-06-28T00:00:00,,Occupant 13,8686662013,"13 Marshall Trace, Warrenville",Warrenville,tunapuna_piarco_regional_corpor,landslide,,Field assessment at Marshall Trace.,,,False,,,False,,Water damage observed,,,,,,,,,,3400,,,ID000013,,,,,,,,,,,,,,,,,,Validated,,,,,,,,,,,,,,,,,,,
1014,FIELD-0014,2023-06-28T09:00:00,,2023-06-28T09:00:00,,Field Officer 14,DMU Field Officer,,,2023-06-29T00:00:00,,Occupant 14,8686662014,"14 El Socorro Road, San Juan",San Juan,san_juan_laventille_regional_co,fallen_tree,,Field assessment at El Socorro Road.,,,False,,,False,,Water damage observed,,,,,,,,,,1200,,,ID000014,,,,,,,,,,,,,,,,,,Validated,,,,,,,,,,,,,,,,,,,
1015,FIELD-0015,2023-06-28T09:00:00,,2023-06-28T09:00:00,,Field Officer 15,DMU Field Officer,,,2023-06-30T00:00:00,,Occupant 15,8686662015,"15 Toco Main Road, Vega de Oropouche",Vega de Oropouche,sangre_grande_regional_corporat,blown_off_roof,,Field assessment at Toco Main Road.,,,False,,,False,,Water damage observed,,,,,,,,,,1200,,,ID000015,,,,,,,,,,,,,,,,,,,,,,,,,,,,,,,,,,,,,
1016,FIELD-0016,2023-06-28T09:00:00,,2023-06-28T09:00:00,,Field Officer 16,DMU Field Officer,,,2023-06-27T00:00:00,,Occupant 16,8686662016,"16 Clarke Road, Penal",Penal,penal_debe_regional_corporation,Flooding_,,Field assessment at Clarke Road.,,,False,,,False,,Water damage observed,,,,,,,,,,1200,,,ID000016,,,,,,,,,,,,,,,,,,Validated,,,,,,,,,,,,,,,,,,,
1017,FIELD-0017,2023-06-28T09:00:00,,2023-06-28T09:00:00,,Field Officer 17,DMU Field Officer,,,2023-06-28T00:00:00,,Occupant 17,8686662017,"17 High Street, Siparia",Siparia,siparia_regional_corporation,landslide,,Field assessment at High Street.,,,False,,,False,,Water damage observed,,,,,,,,,,15000,,,ID000017,,,,,,,,,,,,,,,,,,Validated,,,,,,,,,,,,,,,,,,,
1018,FIELD-0018,2023-06-28T09:00:00,,2023-06-28T09:00:00,,Field Officer 18,DMU Field Officer,,,2023-06-29T00:00:00,,Occupant 18,8686662018,"18 Mahogany Trace, Bagatelle",Bagatelle,diego_martin_regional_corporati,fallen_tree,,Field assessment at Mahogany Trace.,,,False,,,False,,Water damage observed,,,,,,,,,,3400,,,ID000018,,,,,,,,,,,,,,,,,,Validated,,,,,,,,,,,,,,,,,,,
1019,FIELD-0019,2023-06-28T09:00:00,,2023-06-28T09:00:00,,Field Officer 19,DMU Field Officer,,,2023-06-30T00:00:00,,Occupant 19,8686662019,"19 Mexico Road, Wallerfield",Wallerfield,tunapuna_piarco_regional_corpor,blown_off_roof,,Field assessment at Mexico Road.,,,False,,,False,,Water damage observed,,,,,,,,,,7800,,,ID000019,,,,,,,,,,,,,,,,,,Validated,,,,,,,,,,,,,,,,,,,
1020,FIELD-0020,2023-06-28T09:00:00,,2023-06-28T09:00:00,,Field Officer 20,DMU Field Officer,,,2023-06-27T00:00:00,,Occupant 20,8686662020,"20 Aranguez Main Road, San Juan",San Juan,san_juan_laventille_regional_co,Flooding_,,Field assessment at Aranguez Main Road.,,,False,,,False,,Water damage observed,,,,,,,,,,3400,,,ID000020,,,,,,,,,,,,,,,,,,,,,,,,,,,,,,,,,,,,,
1021,FIELD-0021,2023-06-28T09:00:00,,2023-06-28T09:00:00,,Field Officer 21,DMU Field Officer,,,2023-06-28T00:00:00,,Occupant 21,8686662021,"21 Cumuto Main Road, Cumuto",Cumuto,sangre_grande_regional_corporat,landslide,,Field assessment at Cumuto Main Road.,,,False,,,False,,Water damage observed,,,,,,,,,,7800,,,ID000021,,,,,,,,,,,,,,,,,,Validated,,,,,,,,,,,,,,,,,,,
1022,FIELD-0022,2023-06-28T09:00:00,,2023-06-28T09:00:00,,Field Officer 22,DMU Field Officer,,,2023-06-29T00:00:00,,Occupant 22,8686662022,"22 Papourie Road, Barrackpore",Barrackpore,penal_debe_regional_corporation,fallen_tree,,Field assessment at Papourie Road.,,,False,,,False,,Water damage observed,,,,,,,,,,1200,,,ID000022,,,,,,,,,,,,,,,,,,Validated,,,,,,,,,,,,,,,,,,,
1023,FIELD-0023,2023-06-28T09:00:00,,2023-06-28T09:00:00,,Field Officer 23,DMU Field Officer,,,2023-06-30T00:00:00,,Occupant 23,8686662023,"23 High Street, Siparia",Siparia,siparia_regional_corporation,blown_off_roof,,Field assessment at High Street.,,,False,,,False,,Water damage observed,,,,,,,,,,3400,,,ID000023,,,,,,,,,,,,,,,,,,Validated,,,,,,,,,,,,,,,,,,,
1024,FIELD-0024,2023-06-28T09:00:00,,2023-06-28T09:00:00,,Field Officer 24,DMU Field Officer,,,2023-06-27T00:00:00,,Occupant 24,8686662024,"24 Saut Deau Road, Paramin",Paramin,diego_martin_regional_corporati,Flooding_,,Field assessment at Saut Deau Road.,,,False,,,False,,Water damage observed,,,,,,,,,,3400,,,ID000024,,,,,,,,,,,,,,,,,,Validated,,,,,,,,,,,,,,,,,,,
1025,FIELD-0025,2023-06-28T09:00:00,,2023-06-28T09:00:00,,Field Officer 25,DMU Field Officer,,,2023-06-28T00:00:00,,Occupant 25,8686662025,"25 Pentecostal Road, Tunapuna",Tunapuna,tunapuna_piarco_regional_corpor,landslide,,Field assessment at Pentecostal Road.,,,False,,,False,,Water damage observed,,,,,,,,,,15000,,,ID000025,,,,,,,,,,,,,,,,,,,,,,,,,,,,,,,,,,,,,
1026,FIELD-0026,2023-06-28T09:00:00,,2023-06-28T09:00:00,,Field Officer 26,DMU Field Officer,,,2023-06-29T00:00:00,,Occupant 26,8686662026,"26 Beetham Gardens, Beetham",Beetham,san_juan_laventille_regional_co,fallen_tree,,Field assessment at Beetham Gardens.,,,False,,,False,,Water damage observed,,,,,,,,,,7800,,,ID000026,,,,,,,,,,,,,,,,,,Validated,,,,,,,,,,,,,,,,,,,
1027,FIELD-0027,2023-06-28T09:00:00,,2023-06-28T09:00:00,,Field Officer 27,DMU Field Officer,,,2023-06-30T00:00:00,,Occupant 27,8686662027,"27 Toco Main Road, Vega de Oropouche",Vega de Oropouche,sangre_grande_regional_corporat,blown_off_roof,,Field assessment at Toco Main Road.,,,False,,,False,,Water damage observed,,,,,,,,,,15000,,,ID000027,,,,,,,,,,,,,,,,,,Validated,,,,,,,,,,,,,,,,,,,
1028,FIELD-0028,2023-06-28T09:00:00,,2023-06-28T09:00:00,,Field Officer 28,DMU Field Officer,,,2023-06-27T00:00:00,,Occupant 28,8686662028,"28 Clarke Road, Penal",Penal,penal_debe_regional_corporation,Flooding_,,Field assessment at Clarke Road.,,,False,,,False,,Water damage observed,,,,,,,,,,3400,,,ID000028,,,,,,,,,,,,,,,,,,Validated,,,,,,,,,,,,,,,,,,,
1029,FIELD-0029,2023-06-28T09:00:00,,2023-06-28T09:00:00,,Field Officer 29,DMU Field Officer,,,2023-06-28T00:00:00,,Occupant 29,8686662029,"29 High Street, Siparia",Siparia,siparia_regional_corporation,landslide,,Field assessment at High Street.,,,False,,,False,,Water damage observed,,,,,,,,,,7800,,,ID000029,,,,,,,,,,,,,,,,,,Validated,,,,,,,,,,,,,,,,,,,
1030,FIELD-0030,2023-06-28T09:00:00,,2023-06-28T09:00:00,,Field Officer 30,DMU Field Officer,,,2023-06-29T00:00:00,,Occupant 30,8686662030,"30 Cameron Road, Petit Valley",Petit Valley,diego_martin_regional_corporati,fallen_tree,,Field assessment at Cameron Road.,,,False,,,False,,Water damage observed,,,,,,,,,,7800,,,ID000030,,,,,,,,,,,,,,,,,,,,,,,,,,,,,,,,,,,,,
1031,FIELD-0031,2023-06-28T09:00:00,,2023-06-28T09:00:00,,Field Officer 31,DMU Field Officer,,,2023-06-30T00:00:00,,Occupant 31,8686662031,"31 2nd Trace Maingot Road, Tunapuna",Tunapuna,tunapuna_piarco_regional_corpor,blown_off_roof,,Field assessment at 2nd Trace Maingot Road.,,,False,,,False,,Water damage observed,,,,,,,,,,1200,,,ID000031,,,,,,,,,,,,,,,,,,Validated,,,,,,,,,,,,,,,,,,,
1032,FIELD-0032,2023-06-28T09:00:00,,2023-06-28T09:00:00,,Field Officer 32,DMU Field Officer,,,2023-06-27T00:00:00,,Occupant 32,8686662032,"32 Picton Road, Laventille",Laventille,san_juan_laventille_regional_co,Flooding_,,Field assessment at Picton Road.,,,False,,,False,,Water damage observed,,,,,,,,,,15000,,,ID000032,,,,,,,,,,,,,,,,,,Validated,,,,,,,,,,,,,,,,,,,
1033,FIELD-0033,2023-06-28T09:00:00,,2023-06-28T09:00:00,,Field Officer 33,DMU Field Officer,,,2023-06-28T00:00:00,,Occupant 33,8686662033,"33 Cumuto Main Road, Cumuto",Cumuto,sangre_grande_regional_corporat,landslide,,Field assessment at Cumuto Main Road.,,,False,,,False,,Water damage observed,,,,,,,,,,3400,,,ID000033,,,,,,,,,,,,,,,,,,Validated,,,,,,,,,,,,,,,,,,,
1034,FIELD-0034,2023-06-28T09:00:00,,2023-06-28T09:00:00,,Field Officer 34,DMU Field Officer,,,2023-06-29T00:00:00,,Occupant 34,8686662034,"34 Papourie Road, Barrackpore",Barrackpore,penal_debe_regional_corporation,fallen_tree,,Field assessment at Papourie Road.,,,False,,,False,,Water damage observed,,,,,,,,,,3400,,,ID000034,,,,,,,,,,,,,,,,,,Validated,,,,,,,,,,,,,,,,,,,
1035,FIELD-0035,2023-06-28T09:00:00,,2023-06-28T09:00:00,,Field Officer 35,DMU Field Officer,,,2023-06-30T00:00:00,,Occupant 35,8686662035,"35 High Street, Siparia",Siparia,siparia_regional_corporation,blown_off_roof,,Field assessment at High Street.,,,False,,,False,,Water damage observed,,,,,,,,,,1200,,,ID000035,,,,,,,,,,,,,,,,,,,,,,,,,,,,,,,,,,,,,
1036,FIELD-0036,2023-06-28T09:00:00,,2023-06-28T09:00:00,,Field Officer 36,DMU Field Officer,,,2023-06-27T00:00:00,,Occupant 36,8686662036,"36 Upper San Diego Park, Four Roads",Four Roads,diego_martin_regional_corporati,Flooding_,,Field assessment at Upper San Diego Park.,,,False,,,False,,Water damage observed,,,,,,,,,,7800,,,ID000036,,,,,,,,,,,,,,,,,,Validated,,,,,,,,,,,,,,,,,,,
1037,FIELD-0037,2023-06-28T09:00:00,,2023-06-28T09:00:00,,Field Officer 37,DMU Field Officer,,,2023-06-28T00:00:00,,Occupant 37,8686662037,"37 Freeman Road, St Augustine",St Augustine,tunapuna_piarco_regional_corpor,landslide,,Field assessment at Freeman Road.,,,False,,,False,,Water damage observed,,,,,,,,,,1200,,,ID000037,,,,,,,,,,,,,,,,,,Validated,,,,,,,,,,,,,,,,,,,
1038,FIELD-0038,2023-06-28T09:00:00,,2023-06-28T09:00:00,,Field Officer 38,DMU Field Officer,,,2023-06-29T00:00:00,,Occupant 38,8686662038,"38 Ninth Street, Barataria",Barataria,san_juan_laventille_regional_co,fallen_tree,,Field assessment at Ninth Street.,,,False,,,False,,Water damage observed,,,,,,,,,,7800,,,ID000038,,,,,,,,,,,,,,,,,,Validated,,,,,,,,,,,,,,,,,,,
1039,FIELD-0039,2023-06-28T09:00:00,,2023-06-28T09:00:00,,Field Officer 39,DMU Field Officer,,,2023-06-30T00:00:00,,Occupant 39,8686662039,"39 Toco Main Road, Vega de Oropouche",Vega de Oropouche,sangre_grande_regional_corporat,blown_off_roof,,Field assessment at Toco Main Road.,,,False,,,False,,Water damage observed,,,,,,,,,,15000,,,ID000039,,,,,,,,,,,,,,,,,,Validated,,,,,,,,,,,,,,,,,,,
1040,FIELD-0040,2023-06-28T09:00:00,,2023-06-28T09:00:00,,Field Officer 40,DMU Field Officer,,,2023-06-27T00:00:00,,Occupant 40,8686662040,"40 Clarke Road, Penal",Penal,penal_debe_regional_corporation,Flooding_,,Field assessment at Clarke Road.,,,False,,,False,,Water damage observed,,,,,,,,,,1200,,,ID000040,,,,,,,,,,,,,,,,,,,,,,,,,,,,,,,,,,,,,
1041,FIELD-0041,2023-06-28T09:00:00,,2023-06-28T09:00:00,,Field Officer 41,DMU Field Officer,,,2023-06-28T00:00:00,,Occupant 41,8686662041,"41 High Street, Siparia",Siparia,siparia_regional_corporation,landslide,,Field assessment at High Street.,,,False,,,False,,Water damage observed,,,,,,,,,,1200,,,ID000041,,,,,,,,,,,,,,,,,,Validated,,,,,,,,,,,,,,,,,,,
1042,FIELD-0042,2023-06-28T09:00:00,,2023-06-28T09:00:00,,Field Officer 42,DMU Field Officer,,,2023-06-29T00:00:00,,Occupant 42,8686662042,"42 Opal Gardens, Diamond Vale",Diamond Vale,diego_martin_regional_corporati,fallen_tree,,Field assessment at Opal Gardens.,,,False,,,False,,Water damage observed,,,,,,,,,,3400,,,ID000042,,,,,,,,,,,,,,,,,,Validated,,,,,,,,,,,,,,,,,,,
